quelle,episode,index_string,index_binar
"['403_707_id61', 'im schmuck der hochzeitskleider stand ein junger mann vor der haustuer seines vaters er sah schweigend in den fruehen morgen hinein als ob er an nichts daechte er dachte aber dass heute seine hochzeit sei dass seine braut zwar nicht schoen sei ihm aber doch eine schoene mitgift zubringe wie er so dastand ging ein huebsches maedchen vorueber das sah ihn an und sprach naehme mich dieser zum weibe ich wuerde ihm goldene kinder gebaeren der juengling hoerte die rede besann sich nicht lange und nahm statt der ersten braut das schoene maedchen zum weib jammernd war die verlassene dem zug in die kirche gefolgt und rief ach lieber herr wenn ich auch nicht dein untertaeniges weib sein kann so nimm mich wenigstens als dienstmagd in dein haus ich will dir treu und redlich dienen nur goenne mir die lust dich stets vor augen zu haben der junge mann erbarmte sich der weinenden und nahm sie zu sich ins haus wo sie ihm so schien es treu und redlich diente', 'e707_e_anfangssituation_erstes_treffen_bis_zur_schwangerschaft', '0']" , "["
"['403_707_id61', 'nach einem jahr sollte die frau des herrn entbunden werden da liess sie sich von der magd bereden ihr bett oben auf den boden zu verlegen es sei da sagte die magd der stille wegen besser die frau gebar zwei schoene goldene knaben jetzt sah die magd welche die kranke frau allein wartete den augenblick der langersehnten rache gekommen toetete die beiden kinder begrub sie an einer mauer im hof und legte statt ihrer einen jungen hund in die wiege darauf ging sie zum herrn und klagte ihm das maechtige unglueck nicht zwei goldene kinder seien ihm beschert sondern eine abscheuliche missgeburt oh fing sie zu klagen an musstest du mein herr mich darum verstossen damit du eine solche scheussliche hexe heimfuehrtest wie jammert mich dein schicksal du bist jetzt ungluecklicher als ich die verstossene magd so brachte das falsche weib den mann dahin dass er den jungen hund sogleich toetete und begraben liess die kranke frau aber aus dem haus jagte und die magd zum weibe nahm', 'e707_g_abwesenheit_des_koenigs_bis_zur_bestrafung_der_koenigin', '0']" , "["
"['403_707_id61', 'nicht lange so wuchsen im hof zwei apfelbaeume die hatten goldene zweige und trugen goldene aepfel sie waren aus den herzen der getoeteten kinder aufgegangen und hatten schon im ersten jahre armdicke im zweiten aber die volle hoehe das falsche weib geriet darueber sehr in angst immer fielen ihr bei den goldenen zweigen und aepfeln die ermordeten knaben ein und sie liess deshalb trotz den wuenschen ihres mannes welcher seit dem verluste der ersten frau seine einzige freude an diesen baeumen hatte dieselben umbauen als er das sah sagte er wir wollen uns wenigstens aus dem holz zwei bettstaetten machen lassen dass wir doch etwas von den baeumen haben die bettstaetten waren fertig und beide mann und frau lagen des nachts darin da fing eine derselben zu reden an und sprach hoere bruder wie ist dir unter deiner last  mir ist nicht schwer war die antwort denn ich trage unseren guten vater  ach entgegnete die erste ich breche schier unter der last die ich tragen muss es ist mir schrecklich dass ich diesen teufel von einem weibe tragen soll der unseren vater und unsere arme mutter so ungluecklich gemacht hat die frau hatte dieses gespraech vernommen und kaum graute der tag so liess sie die beiden bettstaetten zerschlagen und verbrennen ohne dass der mann wusste warum er wollte nicht nach der ursache fragen denn er mied gern allen anlass zu zaenkerei', 'e403_a_', '0']" , "["
"['403_707_id61', 'nun hatte er aber viele schafe und darunter auch ein sehr schoenes mutterschaf das er besonders liebte eines abends waehrend der lammzeit kam sein schafknecht in die stube und konnte nicht genug wunder erzaehlen denn sagte er dein lieblingsschaf hat zwei goldene laemmer der herr staunte und begriff nicht wie dies sein konnte denn er wusste nicht dass das schaf von einem der baeume einen goldenen apfel gefressen hatte als aber die frau diese ausserordentliche begebenheit hoerte wurde sie blass vor wut und angst weil sie dachte ihr verbrechen moechte am ende doch herauskommen und befahl beide laemmer samt dem mutterschaf zu schlachten sie war dabei selbst anwesend zaehlte die gedaerme die herausgenommen wurden und gab sie der magd mit dem befehl sie im flusse reinzuwaschen aber ja recht achtzugeben dass keiner verlorengehe wenn du mir nicht alle wiederbringst drohte sie der magd so jage ich dich aus dem hause sie gedachte die gedaerme hernach alle zu zerhacken zu kochen und ihrem mann als ein ganz besonderes gericht vorzusetzen', 'e403_a_', '0']" , "["
"['403_707_id61', 'die magd war indessen an den fluss gegangen und wusch dort die gedaerme ehe sie sichs aber versah entglitt ihr einer derselben mit der stroemung des flusses und vergebens war alle muehe ihn wieder zu erhaschen wie erstaunte sie aber als der darm anschwoll und bald so dick wurde dass er am anderen ufer an welches das wasser ihn trieb zerplatzte aus ihm hervor stiegen zwei schoene goldene kinder die betraten eine kleine kiesinsel gegenueber dem ort an dem die magd stand als sie diese ueber ihren verlust jaemmerlich klagen hoerten riefen sie ihr zu sei doch nicht so bloede und schneide einen anderen darm entzwei so bringst du doch die volle zahl zurueck die geaengstigte befolgte den rat und eilte nach hause', 'e403_a_', '0']" , "["
"['403_707_id61', 'die beiden goldenen kinder aber legten sich auf der kiesinsel schlafen und wuchsen waehrend dieses schlafes so rasch wie andere nur in jahren ihre schoenheit war so ueber alle massen dass die sonne selbst vierundzwanzig stunden am himmel stehenblieb und die herrlichen gestalten betrachtete als sie erwachsen waren gingen sie wieder ueber den fluss um die welt nach ihrer ungluecklichen mutter zu durchwandern sie fanden sie auch gaben sich ihr zu erkennen und sprachen zu ihr liebste mutter komm lass uns jetzt zu unserem vater gehen', 'e707_i_getrenntes_leben_bis_zur_anregung_fuer_die_wunderbare_dinge', '0']" , "["
"['403_707_id61', ' sie zogen um ihre glaenzenden gestalten zu verbergen alte zerlumpte kleider an und auch die mutter huellten sie tief in einen mantel denn die freude derselben war so gross dass sie leuchtete so betraten sie als bettlerfamilie das haus des vaters es war bereits abend geworden und bei einer grossen glacca die sich versammelt hatte um eine menge hanf und flachs zu spinnen waren eben lichter angezuendet worden die beiden brueder nahmen ihre mutter zwischen sich traten so in die stube und baten um etwas zu essen da kam die frau vom hause und fuhr sie hart an mit den worten hinaus verlumptes bettelpack ihr habt hier nichts zu suchen der hausherr aber befahl dem boesen weib zu schweigen hiess die ankoemmlinge sitzen gab ihnen zu essen und zu trinken und erlaubte ihnen auch zu bleiben solange es ihnen gefiele waehrend die soehne mit ihrer mutter assen freuten sie sich heimlich ueber den vater der so gut war obwohl er sie nicht kannte er trat auch wieder zu ihnen und bat sie zuzugreifen esst und trinkt sprach er nehmt was ich euch gebe um der grossen barmherzigkeit willen die gott an uns uebt als die anwesenden die fremden bettler genugsam betrachtet hatten wurde wieder emsig darauflosgesponnen und zur unterhaltung waehrend der arbeit erzaehlte jedes eine geschichte bald traurig bald lustig als alle fertig waren kam die reihe an einen der goldenen juenglinge er begann und erzaehlte was sich alles mit ihm und seinem bruder vom tage seiner geburt an zugetragen hatte liess aber nicht merken dass sie selber gemeint seien der andere fiel dem erzaehler immer in die rede wenn er dies oder jenes uebergangen hatte so dass von der ganzen geschichte nichts verborgen blieb waehrend des erzaehlens wurde der mann immer nachdenklicher und endlich traten ihm traenen in die augen die frau aber wurde blass vor wut und angst und schrie macht euch fort bettelpack oder ich hetze die hunde auf euch da erhoben sich die beiden juenglinge und riefen das wird dir nicht mehr viel nuetzen du abscheuliches weib darauf loeschten sie die lichter aus und streiften ihre lumpen vom leibe so dass sie herrlich prangend dastanden wie die morgensonne im mai alle die in der stube waren blieben starr vor staunen der hausherr aber breitete seine arme aus und rief o kommt kommt an mein herz ihr seid meine goldenen soehne wer koennte sonst wissen was ihr wisst sie umarmten sich dann sprachen die juenglinge schau hier ist unsere mutter wir haben sie wiedergefunden in jammer und elend als der vater sie erkannte bleich und abgehaermt uebermannte ihn die reue er sank vor ihr hin kuesste ihr die haende und bat sie um verzeihung die frau weinte vor freude zog ihn sanft in die hoehe und sie umarmten sich zaertlich alle anwesenden waren sehr erstaunt ueber diese begebenheit nur das boese weib kreischte und verschwur sich graesslich da trat der mann zu ihr hin und sprach du schlimmes weib ich will dir verzeihen obwohl du den tod verdient haettest mache dich aber eilends fort aus dem hause und komme mir nicht wieder vor die augen sonst koennte michs reuen dass ich dich straflos entlassen habe', 'e707_w_wiedervereinigung_der_familie_bis_zur_bestraffung_der_antagonisten', '0']" , "["
"['707_id56', 'in einer stadt lebten drei schwestern die erhielten oft besuche vom jungen und schoenen koenigssohne dessen aeltern in einem grossen und praechtigen palaste wohnteneines abends sassen sie gerade zur stunde zu welcher der prinz sonst zu kommen pflegte traulich beisammen und redeten vom heiraten da sprach die aelteste wenn ich koennte so moecht ich die frau des koeniglichen mundbaeckers werden denn da bekaem ich die besten und suessesten naeschereien wie sie nur auf die tafel des koenigs kommen und die zweite sagte wenn ich koennte so moecht ich wol den koch des koenigs zum manne nehmen denn dann aess ich von all den koestlichen speisen die auf die tafel des koenigs getragen werden die dritte und juengste aber sagte und wenn ich koennte so naehm ich den prinzen zum gemal denn dann haett ich ihn selbst und das waere mir das liebste ich haette alles und noch mehr als ihr beide und waere koenigin dazu so redeten die drei maedchen und der prinz kam an diesem abend nicht er war aber unbemerkt vor der thuere gestanden und hatte die reden und wuensche der maedchen gehoertam naechsten morgen liess der prinz die aelteste schwester rufen und fragte sie was hast du gestern abends gesagt diese erschrack hoechlich und wollte mit der stimme nicht heraus hast du nicht gesagt du moechtest die frau meines mundbaeckers werden verschaemt nickte das maedchen und lachend sagte der prinz nun wol du sollst ihn zum manne haben eben so machte er es mit der zweiten und bestimmte ihr den koch zum gemal dann rief er die juengste und fragte sie wie er die beiden erstern befragt hatte diese stand verschaemt vor ihm und ward roth wie eine bluehende mairose der prinz aber kuesste sie auf die stirne steckte ihr ein goldenes ringlein an den finger und sprach du sollst meine gemalin werdenkurz darauf waren bei hofe drei hochzeiten und drei schoene braeute sassen an der hochzeitlichen tafel welche war wol darunter die gluecklichste darauf verfloss geraume zeit der alte koenig starb und der prinz trat die regierung an aber die beiden aeltern schwestern wurden heimlich immer zorniger darueber dass ihre juengste schwester so viel groesseres glueck gehabt als sie beide und sie fingen an dieselbe auf alle moegliche weise zu necken die koenigin ertrug alles mit sanftmuth und geduld und obwol es ihr beim koenige der sie unendlich liebte und schaezte nur ein wort gekostet haette um sich von allen neckereien fuer immer zu befreien beklagte sie sich doch nie denn  es sind ja meine schwestern dachte sie bei jeder kraenkung und schwieg', 'e707_e_anfangssituation_erstes_treffen_bis_zur_schwangerschaft', '0']" , "["
"['707_id56', 'da traf es sich dass der koenig fernhin in den krieg ziehen musste sein abschied von seiner gemalin war um so inniger und zaertlicher als sie seit einiger zeit sich mutter fuehlte bald darauf genas sie eines schoenen knaebleins aber die beiden schwestern hatten fuer diesen fall schon mit teuflischer bosheit ihren plan ausgebruetet sie schoben einen jungen hund unter das knaeblein aber legten sie in einen korb und warfen es darin in das meer sogleich schrieben sie auch an den koenig seine frau sei mit einem hunde niedergekommen das ganze volk murre und er solle doch bald zurueck kommen um seine frau zu bestrafenim schlosse lebte auch ein alter gaertner mit seinem noch ruestigen wackern weibe sie hatten aber keine kinder einmal ging er zum meere hinaus das an den koeniglichen garten stiess da sah er einen korb im meere schwimmen sogleich fischte er denselben heraus und wer beschreibt sein freudiges erstaunen als er ein wunderschoenes knaeblein darin sah welches seine aeuglein zu ihm aufschlug und ihn holdselig anblickte schnurstracks lief er damit zu seiner frau und jubelte laut sieh nur rief er welch schoenes kind uns da der liebe gott geschickt hat wir wollen es aufziehen und ganz fuer das unsrige ansehen denn ich glaube wahrhaftig das hat der himmel uns zugesandt die gaertnerin willigte mit freuden ein und das knaeblein wuchs und gedieh dass es eine wahre freude war', 'e707_g_abwesenheit_des_koenigs_bis_zur_bestrafung_der_koenigin', '0']" , "["
"['707_id56', 'der koenig kam zurueck und als er seine gemalin so blass und traurig wiederfand verschwand all sein groll und er liebte sie noch inniger als zuvor aber die feinde brachen abermals in sein land ein und zwangen ihn wieder in den krieg zu ziehen diesmal war der abschied noch trauriger denn die koenigin sollte bald wieder mutter werden auch diesmal genas sie eines holden knaebleins und die boesen schwestern handelten eben so wie das erste mal ', 'e707_g_abwesenheit_des_koenigs_bis_zur_bestrafung_der_koenigin', '0']" , "["
"['707_id56', 'der gute gaertner bekam zum ersten sohne einen zweiten und nach mehr als jahresfrist einen dritten nachdem der koenig inzwischen heimgekehrt aber wieder ausgezogen war der mann wurde fast naerrisch vor freude und versaeumte es keinen tag an das meer hinaus zu gehen das ihm auf anordnung des himmels schon drei so huebsche knaben gebracht hatte', 'e707_g_abwesenheit_des_koenigs_bis_zur_bestrafung_der_koenigin', '0']" , "["
"['707_id56', 'zum vierten male zog der koenig in den krieg und zum vierten male genas die koenigin eines kindes diesmal aber war es ein holdes maedchen die beiden schwestern schoben ein lamm unter und warfen das kind in einem korbe ins meer der gaertner fand es und hatte nun zu drei knaben gar auch ein maedchen die beiden schwestern aber verfuhren diesmal in andere weise sie liessen die koenigin in einen thurm sperren sprengten aus sie sei gestorben und veranstalteten sogar ein praechtiges leichenbegaengniss dies alles berichteten sie dem koenige indem sie beifuegten der tod der koenigin sei noch rechtzeitig erfolgt um einen schrecklichen ausbruch des zornes und der erbitterung des volkes zu verhindern der koenig versank in duestere schwermuth und kam durch viele jahre nicht mehr heim sondern suchte im kriege und in der jagd zerstreuung fuer seinen schmerz', 'e707_g_abwesenheit_des_koenigs_bis_zur_bestrafung_der_koenigin', '0']" , "["
"['707_id56', 'unterdessen wuchsen die vier kinder beim gaertner froehlich heran fuer jeden der knaben hatte derselbe einen nelkenstrauch fuer das maedchen aber einen rosenstrauch im garten gepflanzt diese straeuche blieben immerfort gruen und trugen in jedem fruehlinge und sommer die schoensten blumen die kinder spielten oft im garten einmal blickten sie durch das gitterfenster des alten thurmes der im garten stand in ein feuchtes dunkles gemach hinab und sahen eine schoene blasse frau diese war keine andere als die koenigin ihre schwestern kuemmerten sich nicht mehr um sie und glaubten sie sei laengst im thurme verschmachtet und begraben nun liess es den kindern keine ruhe mehr sie baten den kerkermeister flehentlich sie heimlich zur frau kommen zu lassen dieser erlaubte es und seit jener zeit kamen die kinder taeglich zur blassen frau in den kerker sie brachten ihr immer zu essen und zu trinken und sogar kleider und ein gutes bett und gaben sich alle muehe das gemach wohnlich zu machen die arme traurige frau gewann fuer die kinder die groesste zuneigung und liebe und auch die kinder hingen mit inniger liebe an ihr so dass oft wieder ein laecheln auf ihre lippen und eine thraene der freude in ihre schmerzlich verweinten augen kam', 'e707_i_getrenntes_leben_bis_zur_anregung_fuer_die_wunderbare_dinge_oder_aufklaerung', '0']" , "["
"['707_id56', 'nun kehrte auch der koenig wieder zurueck aber sein anblick war duester obwol er sich gelassen in sein schicksal ergeben hatte einmal waren viele gaeste im schlosse und besichtigten den schoenen garten aber etwas fehlt doch noch bemerkte einer der gaeste der koenig fragte was es sei die drei schoenheiten der welt erwiederte der andere naemlich das redende voegelein das tanzende waesserlein und das musicirende baeumlein diese drei stuecke sind weit von hier auf einem verzauberten berge und um sie zu gewinnen haben viele schon glueck und leben gelassen und sind zu stein gewordendie knaben des gaertners hatten die rede gehoert der aelteste hatte keine ruhe mehr und sagte zum gaertner vater lasset mich ausziehen die drei schoenheiten der welt zu gewinnen der gaertner wollte davon nichts hoeren aber der knabe liess nicht nach zu bitten bis der gaertner schweren herzens seine einwilligung gab wenn mein nelkenstrauch verwelkt sagte der knabe als er reisefertig war so gedenket mein wie eines todten denn es wird ein zeichen sein dass ich unterlegen bin ', 'e707_k_setzen_der_vorletzten_herausforderung_aufgabe_des_ziels', '0']" , "["
"['707_id56', 'er zog aus und nach langer wanderung und langem nachfragen kam er an den fuss des verzauberten berges dort war ein aller einsiedler in dessen klause der knabe einkehrte du willst die drei schoenheiten der welt holen rief erstaunt der einsiedler aus doch rieth er ihm nicht ab du hast eine schwere probe zu bestehen fuhr er fort sobald du ein stueck auf dem berge oben bist wirst du ein furchtbares donnern hoeren bald darauf erfolgt ein zweiter und dann ein dritter donnerschlag wenn du im stande bist dich aufrecht zu halten und wenn du nicht zu boden faellst so wirst du die drei dinge finden und dich und viele andere gluecklich machen sonst aber wirst du zu stein und musst wer weiss wie viel hundert jahre auf deine erloesung warten der einsiedler rieth ihm noch baumwolle mitzunehmen und sich die ohren zu verstopfen der knabe that es und machte sich muthig auf den weg', 'e707_m_begegnung_mit_dem_helfer', '0']" , "["
"['707_id56', 'als er ein stueck oben war erfolgte ploetzlich der erste donnerschlag der war so heftig dass der knabe grosse muehe hatte sich auf den fuessen zu erhalten bald donnerte es zum zweiten male auch diesmal hielt der knabe aus der dritte donner aber war so furchtbar dass ihm die sinne schwanden er fiel und war in demselben augenblicke in stein verwandelt ', 'e707_o_bei_der_erfuellung_der_vorletzten_herausforderung_aufgabe_des_ziels', '0']" , "["
"['707_id56', 'eines morgens fand der gaertner im schlossgarten den nelkenstrauch verwelkt und war sehr traurig denn es war ein zeichen dass dem aeltesten knaben ein unglueck zugestossen sei', 'e707_k_setzen_der_vorletzten_herausforderung_aufgabe_des_ziels', '0']" , "["
"['707_id56', 'da machte sich troz alles widerstrebens des gaertners der zweite auf den weg aber er theilte das schicksal seines bruders', 'e707_o_bei_der_erfuellung_der_vorletzten_herausforderung_aufgabe_des_ziels', '0']" , "["
"['707_id56', 'nicht besser erging es dem dritten und nun standen im schlossgarten alle drei nelkenstraeuche verwelkt da und mit ihnen war auch die beste lebensfreude des gaertners dahin', 'e707_o_bei_der_erfuellung_der_vorletzten_herausforderung_aufgabe_des_ziels', '0']" , "["
"['707_id56', 'da sprach das maedchen lieber vater lasset mich ausziehen um meine brueder zu befreien der gaertner und seine frau weinten und beschworen das maedchen sie nicht des lezten und einzigen trostes ihres alters zu berauben aber sie liess sich nicht abhalten und ging auch zur blassen frau im kerker die rieth ihr nicht ab sondern ermunterte sie und versprach fuer sie zu beten', 'e707_q_setzen_der_letzten_herausforderung_aufgabe_des_ziels', '0']" , "["
"['707_id56', 'das maedchen zog aus und kam wie seine brueder zum alten einsiedler am berge der nicht wenig verwundert war das maedchen zu sehen verstopfe dir ja die ohren so viel du kannst sprach er zieh hin und gottes schutz und hilfe sei mit deiner unschuld das maedchen ging und verstopfte sich die ohren so gut sie konnte', 'e707_s_die_letzte_begegnung_mit_dem_helfer', '0']" , "["
"['707_id56', 'der erste donner machte sie zwar ein wenig zittern aber sie schritt muthig weiter indem sie sich die ohren noch mehr verstopfte so widerstand sie auch beim zweiten donner da betete sie in ihrem herzen gott moege ihr die rettung der brueder gelingen lassen  und es gelang ihr denn sie hielt auch den dritten donner unverzagt aus da konnte sie ruhig und unbehindert weiter steigen bis auf die spitze des berges hier fand sie die drei wunderdinge nahm sie und schickte sich zur rueckkehr an als das voeglein zu reden anfing und sie ermahnte da und da die zaubersalbe zu nehmen und damit alle grossen steine zu salben die laengs des weges stuenden das that sie und entzauberte nicht nur ihre drei brueder sondern noch viele andere ritter und prinzen welche ihr alle auf das waermste dankten als sie an den fuss des berges herabgekommen waren da war die klause verschwunden und statt des einsiedlers der gleichfalls verzaubert gewesen war erwartete sie dort ein junger schoener koenigssohn und schloss sich froehlich dem zuge an', 'e707_u_bei_der_erfuehlung_der_letzten_herausforderung_aufgabe_des_ziels', '0']" , "["
"['707_id56', 'zu hause aber gab der gaertner fleissig auf den rosenstrauch acht ob er wol gruene und bluehe dieser trug immer schoenere blueten und eines morgens waren auch die drei nelkenstraeuche wieder gruen da warf sich der gute mann auf die kniee und dankte freudigen herzens dem himmel dann eilte er zu seinem weibe und erzaehlte es ihr diese eilte zur blassen frau im kerker und erzaehlte es ihr auch und so verbreitete sich die nachricht davon durch das ganze schloss und die ganze stadt bald muessen sie kommen hiess es und jung und alt freute sich darauf']" , "["
"['707_id56', 'und eines tages kamen sie  voran das maedchen mit den drei schoenheiten der welt und ihren drei bruedern und hinter ihnen ein langer zug entzauberter prinzen und ritter so viel gaeste hatte man im koenigsschlosse gar nie gesehen und alle waren froehlich bis auf den schwermuethigen koenig der sich jedoch bestrebte seinen gaesten so viel als moeglich gefaellig zu sein das tanzende waesserlein und das musicirende baeumlein wurden in den garten gestellt und es durfte alt und jung daran auge und ohr ergoetzen das redende voegelein aber wurde in den grossen saal getragen wo die gaeste zu einem grossen festmal vereinigt waren da erzaehlte nun jeder von seinen thaten und abenteuern endlich aber fing auch das voegelein zu reden an und sprach herr koenig wo ist eure gemalin und als der koenig sein angesicht weinend mit den haenden barg rief es wieder herr koenig umarmt eure kinder welche neben euch sitzen das aber waren die drei knaben und das muthige maedchen herr koenig rief das voeglein abermals rufet doch auch eure treue frau gemalin aus dem thurmverliesse unten im schlossgarten zum festmale alle waren vor erstaunen ausser sich die zwei aeltern schwestern welche auch zugegen waren wollten wie furien auf das voegelein losfahren doch einige handfeste ritter ergriffen sie und fuehrten sie mit gewalt hinweg das voegelein redete weiter und enthuellte dem koenige den ganzen betrug und das ganze gewebe der bosheit das die verruchten schwestern so fein gesponnen hatten sogleich wurde die koenigin in den saal gefuehrt sie war blass aber noch immer schoen wie ein engel doch wer will all die freude beschreiben die nun im schlosse und in der ganzen stadt herrschteder koenig verurtheilte die beiden schwestern und ihre maenner zum tode und nur auf instaendige fuerbitte der koenigin verwandelte er die todesstrafe in schimpfliche landesverweisung weder innere noch aeussere feinde truebten kuenftig mehr das glueckliche zusammenleben der beiden so schwergeprueften gatten mit ihren lieben und guten kindern menschliche bosheit hatte sie fuer lange von einander getrennt aber eine wunderbare fuegung des himmels hatte sie wieder vereinigt zur innigsten liebe die es auf erden nur geben kann', 'e707_w_wiedervereinigung_der_familie_bis_zur_bestraffung_der_antagonisten', '0']" , "["
"['707_id57', 'es war einmal ein koenig der hatte drei toechter nach seinem tode bestieg ein andrer den thron und der liess an dem abend wo er auf den thron kam durch einen ausrufer verkuenden dass niemand mit licht betroffen werden sollte danach verkleidete sich der koenig und ging allein aus als er so hie und da herumging kam er auch an das haus der koenigstoechter und als er ganz nahe war hoerte er sie miteinander sprechen die aelteste sagte wenn der koenig mich zur frau naehme so wuerde ich ihm einen teppich machen auf dem das ganze heer sitzen koennte und noch platz bliebe die zweite sagte wenn der koenig mich zur frau naehme wuerde ich ihm ein zelt machen wo das ganze heer unterkommen koennte und noch platz bliebe die juengste sagte wenn mich der koenig zur frau naehme wuerde ich ihm einen knaben und ein maedchen gebaeren mit einem stern auf der stirn und einem mond auf der brust als der koenig das gehoert hatte liess er am naechsten morgen die drei maedchen rufen und nahm sie zu frauen die aelteste machte den teppich wie sie gesagt hatte das ganze heer setzte sich darauf und es blieb noch ein stueck frei auch die zweite machte das zelt und das ganze heer kam darin unter ', 'e707_e_anfangssituation_erstes_treffen_bis_zur_schwangerschaft', '0']" , "["
"['707_id57', 'nach einiger zeit kam die juengste in hoffnung und als ihre zeit gekommen war war der koenig gerade abwesend als er zurueckkam fragte er was sie geboren habe und die beiden schwestern antworteten ein kaetzchen und ein maeuschen als er das hoerte befahl er sie auf die treppe zu setzen dass jeder der hineinkaeme sie anspeie die schwestern aber legten den knaben und das maedchen die die juengste geboren hatte in einen kasten und schickten ihn mit einer magd an einen traenkplatz am flusse', 'e707_g_abwesenheit_des_koenigs_bis_zur_bestrafung_der_koenigin', '0']" , "["
"['707_id57', 'eines tages blies ein boeser wind und warf den kasten ans andre ufer dort war eine muehle in der wohnte ein alter mann mit seiner frau die alte bemerkte den kasten nahm ihn und brachte ihn in die muehle sie oeffneten den kasten und sahen den knaben und das maedchen mit einem stern auf der stirn und einem mond auf der brust nahmen sie sehr verwundert aus dem kasten und ernaehrten sie mit dem was sie hatten bald darauf starb die alte und es dauerte nicht lange da traf der tod auch den alten aber in der sterbestunde rief er den jungen mann und sagte zu ihm ich tu dir kund mein sohn dass ich in einer hoehle da und da einen zaum habe du darfst aber die hoehle ehe vierzig tage um sind nicht oeffnen wenn du willst dass der zaum das vollbringt was du wuenschest als die vierzig tage um waren ging der bursche zu der hoehle oeffnete sie und fand den zaum sobald er ihn in die hand genommen und gesagt hatte ich will zwei pferde standen die pferde vor ihm er stieg mit seiner schwester auf und sie kamen wie der wind in das land ihres vaters dort machte der junge mann ein kaffeehaus auf und das maedchen lebte in einem hause allein in dies kaffeehaus ging der koenig da es das beste war und sah beim eintreten den jungen mann mit dem stern auf der stirn von seiner schoenheit hingenommen blieb der koenig laenger vom hause fort als seine gewohnheit war und als er nach hause kam fragten sie ihn warum er so lange ausgeblieben war er antwortete dass ein junger mann ein kaffeehaus aufgemacht habe der sei so schoen wie es das eigentlich gar nicht gebe und das wunderbarste sei er habe einen stern auf der stirn als das die schwestern hoerten erkannten sie dass es der sohn ihrer schwester sei wurden sehr aergerlich und ueberlegten gleich wie sie ein mittel finden koennten den jungen mann zu toeten was taten sie ', 'e707_i_getrenntes_leben_bis_zur_anregung_fuer_die_wunderbare_dinge_oder_aufklaerung', '0']" , "["
"['707_id57', 'sie schickten ein altes weib zu der schwester des juenglings die sagte zu ihr dein bruder liebt dich nicht er sitzt ja den ganzen tag im kaffeehaus und laesst sichs wohl sein und dich laesst er allein wenn er dich liebte  sag ihm er solle dir von der schoenen der erde eine blume bringen dass du damit spielen kannst am abend kam der bruder nach hause und fand seine schwester betruebt er fragte sie warum sie so betruebt sei und sie antwortete wie sollte ich es nicht sein mich laesst du hier eingeschlossen und du gehst hie und da herum aber wenn du mich lieb hast zieh zur schoenen der erde und hole mir eine blume daher dass auch ich eine freude habe darauf sagte er hab keine sorge so lange du mich hast nahm sogleich den zaum und vor ihm erschien ein pferd ein maechtiges tier das bestieg er ', 'e707_k_setzen_der_vorletzten_herausforderung_aufgabe_des_ziels', '0']" , "["
"['707_id57', 'und auf dem wege begegnete er einer kutschedra die sah ihn an und sprach wegen deiner schoenheit tut es mir leid dich zu fressen darum schenke ich dir das leben der juengling fragte sie nun wo geht es zur schoenen der erde darauf antwortete die kutschedra ich weiss das nicht mein sohn aber zieh zu meiner aelteren schwester ', 'e707_m_begegnung_mit_dem_helfer', '0']" , "["
"['707_id57', 'er zog nun weiter und weiter und kam zu der aelteren schwester die kam ihn entgegen und wollte ihn fressen aber als sie ihn sah liess sie ihn wegen seiner schoenheit gehen und fragte wohin willst du er erzaehlte es ihr und fragte sie weisst du den weg zur schoenen der erde aber auch sie schickte ihn weiter zu der aeltesten schwester', 'e707_m_begegnung_mit_dem_helfer', '0']" , "["
"['707_id57', 'die stuerzte auf ihn zu und wollte ihn fressen aber auch ihr tat er wegen seiner schoenheit leid und sie liess ihn gehen dann fragte er sie nach der schoenen der erde sie gab ihm auskunft und sagte wenn du an ihre tuer kommst kehre die tuer mit deinem tuche ab dann wird sie sich oeffnen und wenn du hineingehst wirst du einen loewen und ein lamm sehen dem loewen wirf hirn vor und dem lamme gras', 'e707_m_begegnung_mit_dem_helfer', '0']" , "["
"['707_id57', 'so ging er und tat alles wie es die kutschedra befohlen hatte er wischte die tuer ab und sie tat sich auf warf dem loewen hirn und dem lamme gras vor und sie liessen ihn sogleich vorbei so konnte er hingehen und die blume wegnehmen und als er sie hatte kehrte er in einem augenblick zurueck und brachte sie seiner schwester', 'e707_o_bei_der_erfuellung_der_vorletzten_herausforderung_aufgabe_des_ziels', '0']" , "["
"['707_id57', 'die freute sich und begann mit ihr zu spielen aber es war noch kein tag vergangen als am naechsten morgen die schwestern das alte weib schickten und fragen liessen hat er dir die blume gebracht sie antwortete ja und die alte sagte weiter schoen schoen meine tochter aber wenn du auch das kopftuch der schoenen der erde haettest wuerde es dir noch mehr freude machen als nun der bruder nach hause kam fing sie an zu weinen und er fragte sie was ihr waere sie antwortete ich habe wohl vergnuegen an der blume aber wenn ich nicht das kopftuch der schoenen der erde bekomme fehlt an meinem vergnuegen etwas ', 'e707_k_setzen_der_vorletzten_herausforderung_aufgabe_des_ziels', '0']" , "["
"['707_id57', 'er wollte nun seine schwester nicht unzufrieden lassen bestieg das pferd nahm das tuch und kehrte damit zu seiner schwester zurueck ', 'e707_o_bei_der_erfuellung_der_vorletzten_herausforderung_aufgabe_des_ziels', '0']" , "["
"['707_id57', 'am naechsten morgen als der junge mann in sein kaffeehaus ging erschien auch die alte hexe wieder fragte nach dem tuche und sagte zu dem maedchen du bist gluecklich daran dass du einen bruder hast der dir alles bringt was du wuenschest aber um das leben einer paschafrau fuehren zu koennen muesstest du noch die herrin des tuches haben ', 'e707_q_setzen_der_letzten_herausforderung_aufgabe_des_ziels', '0']" , "["
"['707_id57', 'wiederum machte sich der bruder zu gefallen seiner schwester auf und als er zu der aeltesten kutschedra kam sagte sie zu ihm du magst dahin gehen mein sohn aber die herrin selbst zu bekommen ist nicht so leicht pass gut auf dass du ihren ring findest denn darin hat sie ihre ganze kraft ', 'e707_s_die_letzte_begegnung_mit_dem_helfer', '0']" , "["
"['707_id57', 'damit machte er sich wieder auf den weg trat ein und als er bei dem loewen und dem lamme vorbei war ging er weiter und kam in das zimmer der schoenen der erde dort fand er sie schlafend trat ganz leise heran und nahm den ring dabei wachte sie auf und merkte dass sie in seiner gewalt war da er den ring genommen hatte darauf machte sich der junge mann mit ihr auf und in einem nu waren sie zu hause und die schwester freute sich sehr dass ihr wunsch erfuellt war', 'e707_u_bei_der_erfuehlung_der_letzten_herausforderung_aufgabe_des_ziels', '0']" , "["
"['707_id57', 'am naechsten tage ging der koenig wieder in das kaffeehaus und als er nach hause kam befahl er ein abendessen zu richten denn er hatte den jungen mann mit seinem ganzen hause eingeladen die beiden schwestern befahlen aber den koechen gift in die speisen zu tun und die taten das der junge mann ging samt der schoenen der erde die er zur frau genommen hatte und seiner schwester hin aber sie nahmen keinen bissen in den mund obwohl der koenig sie noetigte zu essen denn die schoene der erde hatte ihm gesagt dass die speisen vergiftet waren so nahmen sie nur zweimal etwas von des koenigs kompottals die mahlzeit zu ende war sagte der koenig es moege jeder eine geschichte erzaehlen als nun die reihe an den jungen mann kam erzaehlte er was er erlebt hatte da erkannte der koenig dass dieser junge mann der sohn der jungen frau sei die er auf die verleumdungen ihrer schwestern hin hatte auf die treppe setzen lassen und sogleich liess er die beiden hinrichten nahm die frau wieder zu sich und den sohn machte er zu seinem nachfolger  er wurde alt und lebte in freuden ', 'e707_w_wiedervereinigung_der_familie_bis_zur_bestraffung_der_antagonisten', '0']" , "["
"['707_id58', 'koenig und eine koenigin die hatten sich lieb und waren fein miteinander wie die engel im himmel noch war es nicht lange her seit ihrer hochzeit da brach ein furchtbarer krieg aus der koenig musste abschied nehmen von seiner lieben gemahlin und dem feind entgegenziehenwie er nun im feld stand erhielt er eines tages einen brief von seiner mutter darin stand geschrieben dass die junge koenigin zwei kinder bekommen habe einen prinzen und eine prinzessin die prinzessin trage einen goldenen apfel in ihrer hand auf der stirn des prinzen aber funkle ein goldener stern uebrigens tue der koenig nicht gut und gescheit wenn er diese zwei kinder als die seinigen aufnehme der koenig merkte nicht die bosheit seiner mutter die der jungen koenigin spinnefeind war und deswegen zwietracht zu saeen suchte zwischen ihr und ihrem mann feuerrot vor zorn legte er den brief beiseite und schrieb seiner mutter zurueck man solle die zwei kinder beiseite schaffen und die koenigin in den turm werfendie alte tat wie ihr der koenig befohlen hatte und liess die arme koenigin in das gefaengnis werfen', 'e707_g_abwesenheit_des_koenigs_bis_zur_bestrafung_der_koenigin', '0']" , "["
"['707_id58', ' die kinder aber wurden in ein hoelzernes kaestchen geschlossen und nachts in den bach geworfen das kaestchen schwamm auf dem bach dahin und wurde von den wassern weit weit fortgetragen endlich kam es an eine muehleda es den gang der raeder hemmte kam der mueller um nachzusehen was denn dahinterstecke dass die muehle nicht mehr gehen wolle er fand das kaestchen und nahm es aus dem wasser und die raeder fingen wieder an zu rasseln und zu patschen der mueller aber war wie vom himmel gefallen als er das kaestchen geoeffnet hatte und die beiden kinder erblickte weil er ein gutherziger mann war fasste er schnell den entschluss die armen hoeselen bei sich zu behalten und mit seinen eigenen kindern aufzuziehendie kinder des muellers hatten anfangs ihre freude an den beiden findlingen und es war ruhe und frieden im hause es kam aber eine zeit wo des muellers kinder den beiden koenigskindern vorhielten dass sie eigentlich nicht hierhergehoerten und bloss gefundene nicht aber rechte kinder des muellers seiendas tat den beiden geschwistern weh bis tief in die seele hinein und als sie beilaeufig ins zwanzigste jahr gingen beschlossen sie sich aufzumachen und in der weiten welt ihre rechten eltern zur suchen seine lieben pflegekinder ungern von sich liess mochte sagen was er wollte sie liessen sich nimmer aufhalten er gab ihnen einen zehrpfennig und manche gute lehre auf die reise und die beiden koenigskinder traten wohlgemut ihre wanderung an sie gingen den ganzen lieben tag in einem fort und dachten weder ans muedewerden noch ans essen und trinken ums dunkelwerden kamen sie an ein einsames wirtshaus und in diesem blieben sie ueber nacht der wirt war ein freundlicher mann und fragte sie um dies und das woher sie kaemen und wohin sie gingen und zeigte die aufrichtigste teilnahme an ihrem schicksal sie vertrauten ihm auch alles an was auf ihrem herzen lag und erzaehlten ihm dass sie ausgegangen seien um vater und mutter zu suchen der wirt dem ihr schicksal zu herzen ging gab ihnen ein pferd und einiges geld mit auf die reise am anderen tag machten sie sich wieder auf und ihr weg fuehrte sie nun in einen dichten finsteren wald da gingen sie eine weile fort bis sie zu einem wunderschoenen palast kamen in diesen gingen sie hinein fanden aber darin zu ihrem erstaunen keine menschenseele aber lebensmittel gab es da in huelle und fuelle im stadel lag auch reichliches futter fuers pferd und da ihnen hier gar nichts abging so beschlossen sie einstweilen in dem schloss zu bleibender wald in dem das schloss stand gehoerte zum koeniglichen forst und der koenig der unterdessen wieder vom krieg heimgekehrt war schickte einstmals seine jaeger aus um ein koestliches stueck wildbret zu erjagen die jaeger ritten lange zeit im wald umher konnten aber kein einziges stuecklein auftreiben sie blasen in das horn der juengling schaut zum fenster des schlosses heraus und wird von einem jaeger gesehen der hat gewiss ein stueck wild dachte sich der jaeger und ging hinauf in das schloss er erzaehlte dem juengling dass er in koeniglichen diensten sei und liess auch sonst manches woertlein fallen ueber den koeniglichen hof der juengling gab dem jaeger den auftrag den koenig in seinem namen zu einer mahlzeit einzuladender jaeger richtete seinen auftrag getreu aus und in einigen tagen ging der koenig hinaus in das schloss im wald um bei den unbekannten fremdlingen zu gast zu sein er wurde freundlich empfangen und aufs herrlichste bewirtet beim essen ging die rede ueber dies und jenes und endlich lud auch der koenig seine freundlichen nachbarn in sein schloss zu einem mahl ein sie sagten ohne weigern zu und der koenig ging nach hausedie boese schwiegermutter hoerte auch von den beiden geschwistern die im wald hausten und von ihrem sohn zur tafel geladen waren da regte sich ihr boeses gewissen und sagte ihr holla das koennten die zwei kinder sein die auf dein anstiften in den bach geworfen worden sindes war ihr angst und bange bei der sache und sie ging zu einer hexe um sich rat zu holen die hexe redete ihr die flausen aus und sagte lass du nur mich machen ', 'e707_i_getrenntes_leben_bis_zur_anregung_fuer_die_wunderbare_dinge_oder_aufklaerung', '0']" , "["
"['707_id58', 'eines abends geht die hexe hinaus in den wald klopft an die tuer des palastes und bittet um einlass husch husch ist mir kalt darf ich mich nicht ein bisschen erwaermen die koenigskinder vergoennen ihr das gerne und lassen sie augenblicklich herein sie hockt sich an das feuer und lobt den kindern in einem fort die schoenheit ihres palastes vor und wie er so herrlich gelegen sei und wie sie es da so fein haetten und ohne kummer und sorge leben koennten grad etwas solltet ihr noch haben fuegte sie endlich bei einen sonnenbaum der recht schimmert und leuchtetsie munterte dann den juengling auf diesen zu suchen und zeigte ihm auch die gegend wo er zu bekommen sei sie tat aber das in der boesen absicht den juengling in eine wildnis hinauszulocken wo er von giftigen schlangen umkommen sollte sosehr sich der juengling den strahlenden sonnenbaum wuenschte so konnte er sich doch nur hart entschliessen ihn zu holen es kam ihm immer vor als ob da nichts rechtes dahinter waere auch die schwester konnte es fast nicht ueber ihr herz bringen von ihm abschied zu nehmen obwohl sie sich immer dachte er ist ja nur einen tag aus und wenn die sonne heimgegangen ist kommt er ja wieder zurueck mit dem schoenen glitzernden sonnenbaum der juengling konnte sich aber doch nicht halten und eines morgens sagte er zu seiner schwester heute werde ich ausziehen den sonnenbaum zu suchen lass uns die ganze sache dem himmelvater anheimstellen er wird uns nicht verlassen sie muendeten dann zwei lichter an und wenn eines von diesen ausloeschen wuerde so sollte das der schwester als zeichen gelten dass dem bruder etwas widerfahren sei und dass er nimmermehr zurueckkehre solange aber die kerzen brannten sollte sie immer noch gute hoffnung haben wenn es auch schon finstere nacht waere ', 'e707_q_setzen_der_letzten_herausforderung_aufgabe_des_ziels', '0']" , "["
"['707_id58', 'der bruder begab sich nun auf den weg und wanderte durch einen schauerlichen wald dem ort zu wo nach der beschreibung der hexe der sonnenbaum stehen sollte als er seinem ziel nahe kam hoerte er hinter sich die stimme eines grossmaechtigen wurms der ihm zurief geh nit hin du bist hin geh dort hin der juengling folgt der stimme des wurms und geht nach jener seite hin die er ihm angezeigt hatte', 'e707_s_die_letzte_begegnung_mit_dem_helfer', '0']" , "["
"['707_id58', 'es war schon tiefe nacht da sah er vor sich etwas leuchten und strahlen dass er den glanz fast nicht aushalten konnte  und das war der sonnenbaumdie schwester wartete voll sehnsucht auf ihren bruder allein je tiefere nacht es wurde desto mehr sank ihre hoffnung nur die beiden kerzen an denen immer noch helle lichter brannten waren ihr noch zum trost jeden augenblick schaute sie auf die lichter ob sie wohl noch brannten und dann wieder zum fenster hinaus nach der gegend hin nach der ihr bruder gezogen war endlich in spaeter nacht sah sie in der ferne einen glanz der immer naeher und naeher zum schloss kam und immer heller und heller leuchtete bald erkannte sie dass dieses der sonnenbaum war und aller kummer war vergessen als der bruder endlich mit dem sonnenbaum der ihm den weg erleuchtet hatte herankam glaubten die beiden geschwister fast es muesse ihnen das herz zerspringen vor freude', 'e707_u_bei_der_erfuehlung_der_letzten_herausforderung_aufgabe_des_ziels', '0']" , "["
"['707_id58', 'die zeit verging in heiterkeit und ruhe und bald kam der tag an dem die beiden koenigskinder zu hofe geladen waren beiden kam in den sinn dass der koenig ihr vater sein koennte und weil sie sich diesen gedanken um alles in der welt nicht aus dem kopf bringen konnten so dachten sie an ein mittel um der wahrheit auf die spur zu kommen sie machten miteinander aus bei der koeniglichen tafel weder zu essen noch zu trinken bevor alle gegenwaertig waeren die zum koeniglichen haus gehoertenmit diesem entschluss machten sie sich auf und kamen an den hof der koenig empfing sie gar freundlich und fuehrte sie in einen herrlichen saal wo eine mit den koestlichsten speisen besetzte tafel stand weil nun die gaeste da waren setzten sich alle anwesenden zu tisch und man forderte die beiden auf sich zu laben an speise und trank aber eines weigerte sich wie das andere frueher zu essen bevor alle mitglieder des koeniglichen hauses da waeren man schickte nun nach der alten mutter des koenigs die zuerst draussen geblieben war allein die zwei gaeste wollten noch nicht essen denn noch seien nicht alle daden gaesten zuliebe entschloss sich endlich der koenig auch seine seit vielen jahren eingesperrte gemahlin vorfuehren zu lassen man musste eine zeitlang warten bis endlich die koenigin in erbaermlicher gestalt in den saal hereinwankte kaum hatte sie sich zur tafel gesetzt so setzte sich die eingeladene koenigstochter an ihre seite der koenigssohn aber setzte sich an die seite des koenigs bruder und schwester nahmen nun ihr glas und tranken auf das wohl von vater und mutterdem koenig wurde es ganz schwarz vor den augen er wusste anfangs nicht was das bedeuten sollte und was da zu machen sei dann liess er seine raete kommen und alle tueren verriegeln es wurden nun alle buecher und schriften durchwuehlt und alles wurde offenbar was der koenig und die zwei geschwister zu wissen wuenschten man fand dass die beiden gaeste des koenigs kinder seien und dass die koenigin unverschuldet von der boesen schwiegermutter angeschwaerzt worden war darum wurde die koenigin wieder von ihrem gemahl in liebe und gnaden aufgenommen die boese schwiegermutter aber samt der falschen hexe hingerichtetder mueller der die beiden kinder in seinem haus erzogen und der wirt der ihnen geld und pferd gegeben hatte wurden reichlich beschenkt der palast im wald verschwand und am koeniglichen hof war nun wieder freude und friede wie ehedem', 'e707_w_wiedervereinigung_der_familie_bis_zur_bestraffung_der_antagonisten', '0']" , "["
"['707_id59', 'ein koenig hatte nur einen sohn der war so alt geworden dass er heirathen konnte er wollte aber keine aufgedrungene prinzessin sondern eine frau nach seinem gefallen und darum zog er im lande umher und liess sich alle maedchen vorfuehren unter allen gefiel ihm keins besser als eine bauerntochter die hiess marie als er jedoch bei ihren aeltern um sie anhielt sagte der vater rundheraus nein das maedchen bekaeme er nicht denn es sei die einzige stuetze seiner alten aeltern und es ernaehre sie da sagte der koenigssohn wenn weiter kein hinderniss waere dafuer wolle er schon sorgen und ihnen so viel geld geben dass sie leben koennten das that er und damit war die sache abgemacht jetzt setzte er das maedchen in seinen wagen und fuhr sie in ein erziehungshaus wo sie alles lernte was die prinzessinnen lernen und als sie das alles konnte da holte er sie wieder ab und heirathete sie das war aber seiner mutter gar nicht recht und diess boese stolze weib trachtete jetzt auf alle weise die arme koenigin zu kraenken und in den augen ihres mannes herunter zu setzen das wollte ihr aber lange nicht gelingen', 'e707_e_anfangssituation_erstes_treffen_bis_zur_schwangerschaft', '0']" , "["
"['707_id59', 'nach einiger zeit genas die junge koenigin eines schoenen maegdleins da der koenig grade auf der jagd war bestach die 168 alte die wehmutter und nahm der koenigin das maegdlein dem koenig sagte sie es sei eine so abscheuliche missgeburt gewesen dass sie keinem menschen aehnlich gesehn habe darum haetten sie dieselbe vergraben das kindchen setzten sie aber in eine schachtel und warfen sie in den bach und darauf schwamm sie fort und immer weiter bis in die gegend einer muehle die muellerin stand am fenster und sah die schachtel und rief ihrem manne zu er solle sie aus dem wasser holen und sehn was darin sei das that er und sie freuten sich recht als sie das schoene maegdlein drin fanden und da sie doch keine kinder hatten sagte der mueller zu seiner frau wie waers wenn wir das maegdlein an kindesstatt annaehmen das denke ich eben auch sprach die frau und sie thaten es und sorgten besser dafuer als wenn es ihr eigen kind gewesen waere', 'e707_g_abwesenheit_des_koenigs_bis_zur_bestrafung_der_koenigin', '0']" , "["
"['707_id59', 'die arme koenigin haermte sich unterdessen ab ueber ihr grosses missgeschick und auch der koenig war sehr betruebt doch wurde ihre trauer bald in grosse freude verwandelt als die koenigin ihm eines tags verkuendete dass gott sie mit einem andern kinde segnen werde als die boese schwiegermutter das hoerte aergerte sie sich in ihrem herzen und trieb den koenig jeden tag auf die jagd so geschah es dass er wieder nicht zu hause war als der storch das kindlein brachte und es wurde der alten sehr leicht den koenig wieder zu beluegen und ihn weis zu machen die koenigin habe abermals eine missgeburt bekommen die noch aerger ausgesehen haette wie die erste das kind war aber wiederum ein maegdlein und damit machten sie es wie mit dem ersten und 169 legten es auch in eine schachtel und warfen diese in den bach so schwamm es bis an die muehle und wurde von den guten muellersleuten eben so herzlich aufgenommen wie sein schwesterlein', 'e707_g_abwesenheit_des_koenigs_bis_zur_bestrafung_der_koenigin', '0']" , "["
"['707_id59', 'das herzeleid des koenigs und der armen koenigin ist gar nicht zu beschreiben sie weinten tag und nacht und weinten sich fast die augen aus auch hatten sie gar keine freude mehr als sich die hoffnung wieder zeigte dass ihnen ein anderes kind bescheert werde es war auch gut dass sie sich nicht darauf freuten denn die boese mutter war wieder eben so schnell bei der hand wie die beiden ersten male und vertauschte das schoene knaebchen welches die koenigin geboren hatte mit einer haesslichen missgeburt welche zur selben zeit in der stadt auf die welt gekommen war als der koeng die missgeburt sah wurde er entsetzlich boese und sprach er wolle nichts mehr von der koenigin wissen und sie gar nicht mehr sehen da triumphirte die boese alte und sprang vor freude dass ihre alten knochen schlotterten', 'e707_g_abwesenheit_des_koenigs_bis_zur_bestrafung_der_koenigin', '0']" , "["
"['707_id59', 'das knaebchen nahm aber denselben weg wie seine zwei schwestern schwamm auch an die muehle und wurde eben so gern empfangen wie jene es wuchs mit ihnen auf und wurde ein schoener juengling und blieben in der muehle bis er fuenfzehn jahr alt war da geschah es dass die alte eines tags an der muehle vorbei fuhr als sie den juengling und die beiden maedchen sah ueberlief es sie gar sonderbar sie stieg aus ihrem wagen heraus ging in die muehle und frug den mueller ob das seine kinder seien nein sprach der mueller gott hat sie mir auf dem 170 wasser zugeschickt und erzaehlte ihr die ganze geschichte zeigte ihr auch die schachteln welche er sorgfaeltig aufgehoben hatte da erkannte die boese alte dass es die kinder der koenigin waren und sie sprach zu dem mueller er muesse die drei kinder toedten wo nicht dann werde er selber getoedtet der mueller versprach es zu thun aber er that es doch nicht sondern sagte den kindern alles und gab ihnen einen seiner esel damit sie darauf entfliehen koennten da nahmen sie am folgenden tage mit weinenden augen abschied von einander der juengling setzte sich auf den esel und die schwestern sassen in zwei koerben auf jeder seite des esels eine also zogen sie in die welt hinaus als sie schon ein paar tagereisen gemacht hatten kamen sie in einen wald und kaum waren sie einige stunden weit darin da sahen sie auf der strasse ein buechlein liegen der juengling hob es auf und las die erste seite da erhob sich vor ihm ein grosser grosser schwarzer nebel und als der verschwand stand ein geist da welcher frug was befiehlt mein herr und meister anfangs erschraken die geschwister nicht wenig doch erholten sie sich bald von ihrem schrecken und der juengling sprach baue uns ein schoenes schloss und bringe alles hinein was noethig ist da erhob sich abermals ein nebel und als er wich stand ein wunderschoenes schloss da mit praechtigen gaerten und viele diener eilten heraus die geschwister als ihre herren zu begruessen sie traten hinein und wie war alles da so schoen sie konntens gar nicht schoener wuenschen', 'e707_i_getrenntes_leben_bis_zur_anregung_fuer_die_wunderbare_dinge_oder_aufklaerung', '0']" , "["
"['707_id59', 'als die arge alte koenigin von dem schlosse der drei geschwister 171 hoerte verkleidete sie sich und schlich herum bis sie dieselben sah sie erkannte sie sogleich und liess den mueller vor sich kommen der laeugnete allerdings aber es half ihm nichts er musste endlich bekennen und von nun an liess es ihr keine ruhe sie sann tag und nacht auf raenke wie sie die drei kinder ins unglueck bringen moege denn sie fuerchtete ihre verraetherei koenne an tag kommen so lange dieselben am leben seieneines tages zog sie bettelkleider an und ging in das schloss als die geschwister ihr ein reiches almosen gegeben sprach sie sie haetten wohl alles was man sich nur wuenschen koennte nur eins noch fehle ihnen und es sei jammerschade dass sie das nicht auch noch besaessen sie frugen was das sei da sagte die alte ein zweig von dem baum mit goldenen fruechten wenn ihr den in euren garten pflanzt dann waechst schnell ein baum daraus und ach das waere so praechtig da beriethen die geschwister wie sie den zweig bekommen koennten und es wurde beschlossen dass ihr bruder ausziehen solle um ihn zu holen', 'e707_k_setzen_der_vorletzten_herausforderung_aufgabe_des_ziels', '0']" , "["
"['707_id59', 'der juengling machte sich alsbald auf die reise und zog von land zu land bis er an den garten kam worin der goldbaum stand da trat ein altes maennchen zu ihm und frug ihn wohin er wolle ich will mir einen zweig von dem baum mit goldnen fruechten holen sprach er ich rathe dir das nicht zu thun sprach das maennchen denn es ist grosse gefahr dabei es wird dir allerhand aufstossen und wenn du dich dabei nur einmal umsiehst dann wirst du zur salzsaeule ', 'e707_m_begegnung_mit_dem_helfer', '0']" , "["
"['707_id59', 'das thut nichts ich werde mich 172 schon in acht nehmen sagte der juengling und trat in den garten er ging grade auf den baum zu und brach einen zweig ab er war schon fast aus dem garten heraus als es hinter ihm schrie und tobte und jemand ihn am rock festhielt da sah er um wer das sein koenne aber im selben augenblick war er zur salzsaeule geworden', 'e707_o_bei_der_erfuellung_der_vorletzten_herausforderung_aufgabe_des_ziels', '0']" , "["
"['707_id59', 'als der juengling schon einige zeit weg war kam die alte wieder und zwar in gestalt einer andern bettelfrau und sprach zu den zwei jungfrauen dem schoenen schlosse fehlt nichts als der sprechende vogel und es ist jammerschade dass ihr den nicht habt  wo finden wir ihn denn frugen die schwestern in dem garten wo der baum mit goldnen fruechten steht sagte die alteda sprach die aelteste der beiden schwestern ich will den vogel holen und zugleich sehen wo unser bruder bleibt und sie ging auf reise und kam auch zu dem garten', 'e707_k_setzen_der_vorletzten_herausforderung_aufgabe_des_ziels', '0']" , "["
"['707_id59', 'da stand das graue maennchen und frug sie wohin sie wolle ich will den sprechenden vogel holen antwortete sie und sehen was mein bruder machtunternimm das nicht sagte das maennchen und bleib lieber aus dem garten es ist zu grosse gefahr dabei denn wenn du dich auf dem rueckwege nur einmal umsiehst dann wirst du gleich deinem bruder zur salzsaeule', 'e707_m_begegnung_mit_dem_helfer', '0']" , "["
"['707_id59', 'ich werde mich hueten sagte die jungfrau und ging in den garten da brach sie einen zweig von dem goldbaume und nahm den sprechenden vogel welcher in einem kaefig nebenan stand als sie aber bald an der thuer war rief jemand hinter ihr her grade als wenn es ihr bruder gewesen waere sie hab etwas vergessen da sah sie um wurde auch zu einer salzsaeule und stand neben ihrem bruder', 'e707_o_bei_der_erfuellung_der_vorletzten_herausforderung_aufgabe_des_ziels', '0']" , "["
"['707_id59', 'das war eine freude als das falsche weib sah dass die beiden nicht zurueckkehrten es ging zu der juengsten schwester und zwar wieder als bettelfrau gekleidet bewunderte das schloss und sprach es fehlt hier gar nichts als das springende wasser das gaebe einen sehr schoenen springbrunnen wo findet man das springende wasser frug die jungfrau und die garstige alte sprach in dem garten wo der baum mit goldnen fruechten steht und der sprechende vogel ist da dachte die jungfrau sie muesse einen solchen springbrunnen haben und wuerde zugleich ihre sorge los denn sie koenne ja dann erfahren was aus ihrem bruder und ihrer schwester geworden sei', 'e707_q_setzen_der_letzten_herausforderung_aufgabe_des_ziels', '0']" , "["
"['707_id59', 'sie machte sich alsbald auf den weg und kam nach langem reisen auch bei dem garten an da fand sie das maennchen welches sie beschwur und warnte doch nicht hinein zu gehn denn sie komme nicht heraus und es gehe ihr wie ihrem bruder und ihrer schwester als sie jedoch nicht anders wollte und durchaus darauf bestand sagte das maennchen dann solle sie sich nur nicht verleiten lassen umzusehn wenn sie aber von dem springenden wasser habe dann muesse sie damit die beiden salzsaeulen besprengen die am eingang des gartens staenden denn das seien ihre geschwister', 'e707_s_die_letzte_begegnung_mit_dem_helfer', '0']" , "["
"['707_id59', 'da ging sie in den garten und fand den brunnen woraus das wasser sprang und sie fuellte sich zwei flaschen davon liess sich auch nicht schrecken wie sehr es um sie herum schrie und heulte und bruellte als ob die ganze hoelle losgelassen sei sie ging ruhig und muthig zurueck und goss 174 eine flasche des springenden wassers ueber die beiden salzsaeulen aus da verwandelten sie sich in ihre geschwister und liefen mit ihr aus dem garten hinweg wie war jetzt die freude gross sie hatten sich wieder und dazu alles was sie wuenschten den zweig von dem baum mit goldenen fruechten den sprechenden vogel und das springende wasser der zweig wuchs in einer nacht zu einem praechtigen baum in dessen aesten sass der sprechende vogel und an dessen fuss stieg das springende wasser aus einem goldenen becken empor man kann sich nichts praechtigeres denken', 'e707_u_bei_der_erfuehlung_der_letzten_herausforderung_aufgabe_des_ziels', '0']" , "["
"['707_id59', 'der ruf von dem wunderschoenen schlosse der drei geschwister drang von tag zu tage weiter und kam endlich auch zu den ohren des koenigs jetzt hoerte er auch von den drei wunderdingen welche die prinzessinnen aus der fremde mitgebracht haetten und er wurde so neugierig dass er sich aufs pferd setzte und schnurstracks zu dem schlosse ritt die geschwister hiessen ihn freundlich willkommen und wollten ihn sogleich im schlosse umherfuehren aber er konnte sich nicht satt genug an ihnen sehen es war ihm so wohl wie seit langer zeit nicht und er meinte grade er muesse sie an sein herz druecken und kuessen er frug saget mir doch woher seit ihr und wer sind eure aeltern wir sind auf einer muehle zu hause und des muellers kinder sprachen die geschwister aber da hub der vogel an zu schreien keine muellerskinder koenigskinder und er erzaehlte dem koenig alles nach der ordnung man kann sich wohl denken wie der koenig und wie die drei geschwister da erstaunt waren und was das fuer freude gab 175 auf der stelle wurde ein wagen angespannt und sie fuhren alle zu den braven muellersleuten und frugen sie woher die drei kinder waeren anfangs wollte der mueller nicht recht mit der sprache heraus und sprach es seien seine kinder als der koenig ihm aber zu verstehen gab dass alles schon kund und offenbar sei da bekannte der mueller wie er sie aus dem wasser geholt und wie die alte koenigin ihm befohlen habe sie zu toedten nannte auch tag und stunde wann die drei schachteln bei der muehle ankamen damit noch nicht zufrieden liess der koenig auch die hebamme auf die muehle bescheiden denn er haette so gern gehoert dass jemand anderes im spiel gewesen sei als seine eigene mutter aber auch die hebamme erzaehlte alles so wie es der vogel erzaehlt hatte und da blieb ihm denn kein zweifel mehr er schloss seine lieben kinder noch einmal an sein herz und ritt weg nachdem er sie vorher noch auf den folgenden tag ins schloss beschieden hattezu hause befahl der koenig vor allem ein grosses gastmahl anzurichten dann eilte er heimlich zu der armen koenigin welche am aeussersten ende des gartens in einem kleinen haeuschen allein wohnte er bat sie unter thraenen um verzeihung all des unrechtes welches er ihr angethan und erzaehlte ihr die ganze geschichte es war ein wunder dass die gute frau nicht vor freude starb als sie sich so ploetzlich aus ihrer verlassenheit und ihrem unglueck im groessten gluecke der erde fuehlte und ihren mann und ihre lieben kinder auf einmal wieder erhieltam folgenden tage als die gaeste recht heiter bei dem mahle 176 sassen frug der koenig was meint ihr was die drei geschwister dafuer verdient haben dass sie so eigenmaechtig und ohne mich zu fragen das schoene schloss erbaut haben sogleich fiel die alte koenigin ein man soll sie in siedendes oel werfen da oeffnete sich die thuer und die koenigin trat herein sie hatte ihre krone auf dem haupte und hielt ihre zwei toechter an der hand ihr sohn folgte ihr alle trugen sie die praechtigsten kleider so dass ihre schoenheit recht hervorleuchtete der koenig aber kuesste sie und erzaehlte den gaesten wie sich alles zugetragen hatte dann sprach er der tod welcher ihnen zugedacht war soll diejenige treffen welche so verraetherisch an mir und ihnen gehandelt hat da sprangen die soldaten schon herbei und fassten das alte boese weib aber die mutter und die drei geschwister baten den koenig so lange bis er ihr das leben schenkte und sie nur in den kerker werfen liess wo sie bis zu ihrem tode sass im schlosse wohnte von nun an freude und friede und glueck und die ganze koenigsfamilie war nur ein herz und eine seele', 'e707_w_wiedervereinigung_der_familie_bis_zur_bestraffung_der_antagonisten', '0']" , "["
"['707_id60', 'es war einst ein koenig der hatte befehl gegeben dass in seinem reiche abends nach zehn uhr keiner mehr arbeiten sollte und wer das doch thaete 59 der sollte schwerer strafe gewaertig sein nun sassen noch spaet abends bei licht drei arme maedchen und arbeiteten da sprach die erste ich wollte ich kriegte des koenigs koch zum mann die zweite ich wollte ich kriegte dem koenig seinen minister die dritte und juengste aber sprach ich wollte dass ich den koenig selber zum mann kriegte das hatte der koenig alles mit angehoert denn er stand hinter dem fenster und horchte und kam ihm so drollig vor dass er beschloss den drei maedchen ihre wuensche zu erfuellenden tag darauf liess er die aelteste zu sich rufen die sich den koch zum manne gewuenscht hatte und sprach zu ihr ich habe gestern deinen wunsch vernommen und gab ihr den koch zum manne darauf liess er die zweite vor sich kommen und sagte ich habe gestern deinen wunsch vernommen und gab ihr seinen minister zum manne nachdem so musste die dritte und juengste schwester vor ihn kommen die ihn selber zum manne gewuenscht hatte zu der sprach er auch ich habe gestern deinen wunsch vernommen und heiratete sieueber eine zeit so wurde die koenigin schwanger da fragte sie der koenig wen sie denn am liebsten zu ihrer pflege bei sich haben wollte da verlangte sie nach ihrer aeltesten schwester die des koenigs koch zum manne hatte ', 'e707_e_anfangssituation_erstes_treffen_bis_zur_schwangerschaft', '0']" , "["
"['707_id60', 'die koenigin brachte aber einen huebschen knaben zur welt der trug an seiner stirn einen goldenen stern weil nun die aelteste schwester neidisch war dass die juengste den koenig zum mann gekriegt hatte sie selber aber nur des koenigs koch so legte sie der koenigin einen jungen hund ins bett nahm das kind klebte ihm ein pechpflaster auf die stirn dass der goldene stern nicht zu sehen war und that es in einen kasten den kasten mit dem kinde setzte sie heimlich auf den strom 1 der dicht an des koenigs schloss vorbeifloss und da trieben ihn die wellen immer weiter hinab in das land hinein der koenig da er vernahm dass seine frau einen hund geboren haette ward erst ganz zornig aber doch aus grosser liebe zu ihr gab er sich zufrieden und war freundlich und gut mit ihr wie zuvorzu derselben zeit wohnte weiter den strom hinab ein gaertner der hatte drei kinder und dicht an dem strom einen schoenen garten da nun einst die kinder wie sie immer thaten in dem garten dicht am wasser ihre spiele 60 trieben so kam ein kaestchen den strom herabgeschwommen und wie es die drei gaertnerskinder auffischten und ans ufer zogen so lag ein kleiner huebscher knabe darin dem sass auf der stirn ein pechpflaster da liefen die gaertnerskinder mit dem kaestchen und dem kinde darin voller freuden zu ihrem vater und zeigten es ihm und der gaertner da er das arme huelflose kind sah erbarmte sich seiner und behielt es bei sich und behandelte es als ob es sein eigenes kind gewesen waere und die drei gaertnerskinder warteten es und spielten damitueber ein jahr kriegte die koenigin wieder ein kleines kind und das war wieder ein knabe und trug vor seiner stirn auch so einen goldenen stern genau wie das erste kind die neidische schwester aber welche die koenigin wieder zur pflege bei sich hatte nahm das kind sobald es geboren war heimlich weg legte ein pechpflaster auf seine stirn und setzte es in einem kaestchen auf den strom dass es die wellen hinuntertrieben an seiner statt legte sie der koenigin einen jungen hund ins bett und ging hin und sagte dem koenige seine gemahlin haette diesmal wieder einen hund zur welt gebracht darueber gerieth der koenig in heftigen zorn versammelte seine raethe und fragte sie was sie meinten dass er in der sache thun solle da hielten sie einen rath und sprachen diesmal sollte der koenig noch verzeihen wenn aber so was noch einmal wieder vorkaeme so haette die koenigin verdient dass sie in einem thurme lebendig vermauert wuerde und kein essen und kein trinken kriegte und so des todes stuerbe damit war der koenig zufriedenes begab sich aber dass zu derselben zeit des gaertners drei kinder wieder in dem garten waren und an dem wasser spielten da kam das kaestchen mit des koenigs zweitem kinde auf dem strome dahergeschwommen das zogen die drei kinder auch ans ufer und brachten es voller freuden zu ihrem vater und weil der ein mitleidiger mann war so behielt er das arme huelflose ding bei sich und die drei gaertnerskinder warteten es und spielten damitnachdem da ein jahr vergangen war wurde die koenigin zum dritten male schwanger und hatte wieder ihre schwester bei sich und als sie nun ein kleines maedchen kriegte da legte ihr das boshafte weib eine katze ins bett und setzte das kind in einem kasten auf den strom dass es die wellen hinaustrugen in das weite land hinein aber die drei gaertnerskinder fingen es auf und brachten es ihrem vater der erbarmte sich seiner und behielt es bei sichder koenig da er vernahm dass seine frau zum dritten male ein thier zur welt gebracht hatte ward seines zornes nicht mehr meister liess die arme koenigin greifen und sie in einem thurm lebendig vermauern so dass sie vor hunger bald umkommen musste', 'e707_g_abwesenheit_des_koenigs_bis_zur_bestrafung_der_koenigin', '0']" , "["
"['707_id60', 'eine zeit darnach begab es sich dass die drei gaertnerskinder krank wurden und starben die koenigskinder aber wuchsen und wurden schoen und stark und der gaertner setzte sie zu seinen erben ein', 'e707_i_getrenntes_leben_bis_zur_anregung_fuer_die_wunderbare_dinge_oder_aufklaerung', '0']" , "["
"['707_id60', ' da sie nun einstmals in 61 ihrem garten spazieren gingen so kam ein alter mann vorbei der redete sie an und sprach wisst ihr was euch zu eurem gluecke noch fehlt nein sprachen die kinder was sollte uns noch fehlen wir haben es ja hier so gut da sprach der alte mann drei dinge fehlen euch nochder vogel der wahrheit das wasser des lebens und der apfel sina die sind es die euch noch fehlen dass ihr ganz gluecklich seid und zu finden sind sie auf einem hohen berge wenn da einer hinaufkommt so faengt es an zu donnern und zu blitzen und die erde bebt und wenn der welcher die drei dinge holen will sich umsieht so wird er in einen stein verwandelt', 'e707_k_setzen_der_vorletzten_herausforderung_aufgabe_des_ziels', '0']" , "["
"['707_id60', 'da hub der aelteste knabe an und sprach nun habe ich nicht her weder ruhe noch rast bis ich den vogel der wahrheit das wasser des lebens und den apfel sina gefunden und erlangt habe hier in diesen baum stoss ich mein messer wenn das rostig wird so bin ich todt und komme nie mehr zurueck damit nahm er abschied von bruder und schwester stiess sein messer in den baum und zog fort in die weite welt hinein', 'e707_o_bei_der_erfuellung_der_vorletzten_herausforderung_aufgabe_des_ziels', '0']" , "["
"['707_id60', 'lange zeit warteten die kinder dass ihr bruder wiederkomme aber er kam und kam nicht und als sie nach dem messer sahen so war es rostig geworden und da konnten sie sich wohl denken dass ihr bruder in einen stein verwandelt war da sprach der zweite knabe ich lasse meinen bruder nicht im stiche es mag kommen wie es will damit nahm er abschied von seiner schwester stiess auch ein messer in den baum dass sie daran erkennen koennte ob er lebendig waere oder todt und zog aus seinen bruder aufzusuchen', 'e707_o_bei_der_erfuellung_der_vorletzten_herausforderung_aufgabe_des_ziels', '0']" , "["
"['707_id60', 'das maedchen wartete lange zeit vergeblich dass ihr bruder wiederkaeme aber er kam und kam nicht und als sie einmal nach dem messer sah so war es auch rostig geworden wie ihrem aeltesten bruder seins da fing sie bitterlich zu weinen an und sprach nun sind doch meine beiden brueder gewiss in steine verwandelt aber ich lasse sie nicht im stich es mag kommen wie es will und machte sich auf den weg ihre brueder aufzusuchen', 'e707_q_setzen_der_letzten_herausforderung_aufgabe_des_ziels', '0']" , "["
"['707_id60', 'sie musste erst viele meilen gehn bis sie endlich an den berg kam wo der vogel der wahrheit das wasser des lebens und der apfel sina zu finden waren da faltete sie ihre haende und betete erst und da sie nun den berg hinanstieg fing es ploetzlich an zu donnern und zu wetterleuchten und die erde bebte doch stieg sie getrost ohne hinter sich zu schauen bis zum gipfel wo der baum stand mit dem apfel sina und ein brunnen floss daraus das wasser des lebens quoll nachdem sie den apfel gepflueckt und von dem wasser geschoepft hatte wollte sie wieder fortgehen da rief der vogel der wahrheit vergiss meiner nicht vergiss meiner nicht da nahm sie den vogel auch mit sich den sie beinahe ganz vergessen haette auf dem berge lagen aber viele viele steine die begoss das maedchen mit dem wasser des lebens und da wurden sie auf einmal lebendig und waren auch des maedchens brueder dabei und es entstand da als das maedchen noch immer mehr steine mit dem wasser begoss ein gross gewuehl von menschen die zogen nun alle in scharen singend den berg hinab', 'e707_u_bei_der_erfuehlung_der_letzten_herausforderung_aufgabe_des_ziels', '0']" , "["
"['707_id60', 'die beiden brueder und ihre schwester gingen nun wieder miteinander in ihre heimath und als sie zu hause angekommen waren sprach der vogel der wahrheit sie sollten ein mahl bereiten und den koenig zu gaste laden da sagten die kinder wie koennen wir den koenig zu gaste bitten und haben doch keine speise die fuer einen koenig schicklich ist sprach der vogel wenn sie in jede schuessel ein stueckchen von dem apfel sina legten so wuerden die speisen von selber kommen da thaten die kinder wie der vogel gesagt hatte und luden den koenig zu gaste und als er kam und di schuesseln aufgedeckt wurden da waren die koestlichsten speisen darinwaehrend dem dass sie zu tische sassen fing der vogel zu sprechen an und fragte den koenig ob er denn wohl wuesste mit wem er da zu tische saesse sprach der koenig es sind die kinder eines gaertners nein sagte der vogel es sind deine eigenen kinder und da erzaehlte er dem koenige wie sich alles so zugetragen hatte und dass die koenigin unschuldig zum tode verurtheilt waere dass ihr die neidische schwester die beiden ersten male zwei kleine woelpen und das dritte mal eine katze ins bett gelegt haette und dass die kinder vor der stirn einen goldenen stern truegen als ihnen der koenig nun die pechpflaster vor dem kopfe wegnehmen liess so kamen die sterne zum vorschein da war die freude gross und that es dem koenige nur leid dass die arme koenigin das alles nicht auch mit erleben konnte da sprach der vogel der wahrheit sie sollten ihr nur von dem wasser des lebens bringen so wuerde sie wieder lebendig werden das thaten sie und von dem wasser kam sie auch wieder ins leben zurueck und da hielt der koenig zum zweiten male hochzeit mit ihr', 'e707_w_wiedervereinigung_der_familie_bis_zur_bestraffung_der_antagonisten', '0']" , "["
"['707_id62', 'es ist wohl schon tausend jahre her und mehr da waren hier im lande lauter kleine koenige da hat auch einer auf dem keuterberge gewohnt und der ging so gern auf die jagd als er nun wieder einmal mit seinen jaegern aus dem schlosse herauszog hueteten unten am berge drei maedchen ihre kuehe und wie sie den koenig mit den vielen leuten sahen da rief die aelteste den anderen beiden maedchen zu und wies auf den koenig helo helo wenn ich den nicht kriege so will ich keinen da antwortete die zweite auf der anderen seite vom berge und wies auf den der dem koenig zur rechten hand ging helo helo wenn ich den nicht kriege so will ich keinen da rief die juengste und wies auf den der linker hand ging helo helo wenn ich den nicht kriege so will ich keinen das waren aber die beiden minister das alles hoerte der koenig und als er von der jagd heimgekommen war liess er die drei maedchen zu sich kommen und fragte sie was sie da gestern am berge gesagt haetten das wollten sie nun nicht sagen der koenig aber fragte die aelteste ob sie ihn wohl zum manne haben wollte da sagte sie ja und ihre beiden schwestern fragten die beiden minister denn sie waren alle drei schoen und klar von angesicht besonders die koenigin hatte haare wie flachs', 'e707_e_anfangssituation_erstes_treffen_bis_zur_schwangerschaft', '0']" , "["
"['707_id62', 'die beiden schwestern aber bekamen keine kinder und als der koenig einmal verreisen musste liess er sie zur koenigin kommen um sie aufzumuntern denn sie war gerade guter hoffnung sie bekam einen kleinen jungen der brachte einen ganz roten stern mit auf die welt da sagten die beiden schwestern eine zur andern sie wollten den huebschen jungen ins wasser werfen wie sie ihn nun hineingeworfen hatten ich glaube es ist die weser gewesen da flog ein voegelchen in die hoehe und sangtom daude bereit up wietern bescheid tom lilienstrus wacker junge bist dusals das die beiden hoerten kriegten sie grosse angst und machten dass sie fortkamen wie der koenig nach hause kam sagten sie ihm die koenigin haette einen hund geboren da sagte der koenig was gott tut das ist wohlgetanes wohnte aber ein fischer am wasser der fischte den kleinen jungen wieder heraus als er noch gerade lebendig war und da seine frau keine kinder hatte fuetterte sie ihn auf nach einem jahr war der koenig wieder verreist da bekam die koenigin wieder einen jungen den nahmen die beiden falschen schwestern und warfen ihn auch ins wasser da flog das voeglein wieder in die hoehe und sangtom daude bereit up wietern bescheid tom lilienstrus wacker junge bist dusund wie der koenig nach hause kam sagten sie ihm die koenigin haette wieder einen hund bekommen und er sagte wieder was gott tut das ist wohlgetan aber der fischer zog diesen auch aus dem wasser und fuetterte ihn aufda verreiste der koenig wieder und die koenigin bekam ein kleines maedchen das warfen die schlechten schwestern auch ins wasser da flog das voegelchen wieder in die hoehe und sangtom daude bereit up wietem bescheid tom lilienstrus wacker maeken bist dusund wie der koenig nach hause kam sagten zu ihm die koenigin haette eine katze bekommen da wurde der koenig boese und liess seine frau ins gefaengnis werfen und darin ass sie lange jahre', 'e707_g_abwesenheit_des_koenigs_bis_zur_bestrafung_der_koenigin', '0']" , "["
"['707_id62', 'die kinder waren unterdessen herangewachsen da ging der aelteste einmal mit andern jungen hinaus um zu fischen da wollten ihn aber die andern jungen nicht um sich haben und sagten du findling geh du deiner wege da wurde er ganz betruebt und fragte den alten fischer ob das wahr sei der erzaehlte ihm dass er einmal gefischthaette und er haette ihn aus dem wasser gezogen ', 'e707_i_getrenntes_leben_bis_zur_anregung_fuer_die_wunderbare_dinge_oder_aufklaerung', '0']" , "["
"['707_id62', 'da sagte der junge er wolle fort und seinen vater suchen der fischer bat ihn er moechte doch bleiben aber er liess sich gar nicht halten bis es der fischer zuletzt zugab da begab er sich auf den weg und ging mehrere tage hintereinander', 'e707_k_setzen_der_vorletzten_herausforderung_aufgabe_des_ziels', '0']" , "["
"['707_id62', ' endlich kam er zu einem allmaechtig grossen wasser davor stand eine alte frau und fischte guten tag mutter sagte der junge grossen dank sagte die alte frau du musst da wohl lange fischen ehe du einen fisch faengst und du musst wohl lange suchen ehe du deinen vater findest wie willst du denn da uebers wasser kommen sagte die frau ja das mag gott wissen ', 'e707_m_begegnung_mit_dem_helfer', '0']" , "["
"['707_id62', 'da nahm ihn die alte frau auf den ruecken und trug ihn hindurch und er suchte lange zeit und konnte seinen vater nicht finden ', 'e707_o_bei_der_erfuellung_der_vorletzten_herausforderung_aufgabe_des_ziels', '0']" , "["
"['707_id62', 'als nun ein jahr vorueber war da zog der zweite aus und wollte seinen bruder suchen ', 'e707_k_setzen_der_vorletzten_herausforderung_aufgabe_des_ziels', '0']" , "["
"['707_id62', 'er kam an das wasser und da ging es ihm ebenso wie seinem bruder', 'e707_o_bei_der_erfuellung_der_vorletzten_herausforderung_aufgabe_des_ziels', '0']" , "["
"['707_id62', 'nun war nur noch die tochter allein zu haus die jammerte so sehr nach ihren bruedern dass sie zuletzt auch den fischer bat er moechte sie ziehen lassen sie wollte ihre brueder suchen da kam sie auch zu dem grossen wasser da sagte sie zu der alten frau guten tag mutter grossen dank sagte die frau gott helfe euch bei eurem fischen als die alte frau das hoerte wurde sie ganz freundlich trug sie ueber das wasser und gab ihr eine rute und sagte zu ihr nun geh nur immer auf diesem wege weiter meine tochter und wenn du bei einem grossen schwarzen hunde vorbeikommst so musst du still und dreist und ohne zu lachen und ohne ihn anzusehen vorbeigehn dann kommst du an ein grosses offenes schloss auf der schwelle musst du die rute fallen lassen und stracks durch das schloss an der anderen seite wieder herausgehen da ist ein alter brunnen aus dem ist ein grosser baum gewachsen daran haengt ein vogel im bauer den nimm auf dann nimm noch ein glas wasser aus dem brunnen und geh mit diesen beiden den selben weg wieder zurueck von der schwelle nimm auch wieder die rute mit und wenn du dann wieder bei dem hund vorbeikommst dann schlag ihm ins gesicht aber sieh zu dass du ihn triffst und dann komm nur wieder zu mir zurueck ', 'e707_s_die_letzte_begegnung_mit_dem_helfer', '0']" , "["
"['707_id62', 'da fand sie alles geradeso wie die frau es gesagt hatte und auf dem rueckwege fand sie die beiden brueder die die halbe welt nach einander durchsucht hatten sie gingen zusammen bis dahin wo der schwarze hund am wege lag den schlug sie ins gesicht da wurde er ein schoener prinz und er ging mit ihnen bis zum wasser da stand noch die alte frau die freute sich sehr dass sie alle wieder da waren und trug sie alle ueber das wasser und dann ging sie auch weg denn nun war sie erloest die andern aber gingen alle zu dem alten fischer und alle waren froh dass sie sich wieder gefunden hatten den vogel aber haengten sie an die wand', 'e707_u_bei_der_erfuehlung_der_letzten_herausforderung_aufgabe_des_ziels', '0']" , "["
"['707_id62', 'den zweiten sohn aber hielt es nicht zu hause er nahm einen flitzbogen und ging auf die jagd als er muede war nahm er seine floete und blies sich ein stueckchen der koenig aber war auch auf der jagd und hoerte es da ging er zu ihm hin und wie er den jungen traf da sagte er wer hat dir erlaubt hier zu jagen oh niemand wem gehoerst du denn ich bin dem fischer sein sohn der hat ja keine kinder wenn du es nicht glauben willst so komm mit das tat der koenig und fragte den fischer der erzaehlte ihm alles und das voegelchen an der wand fing an zu singende moehme sitt allein wol in dat kerkerlein o kuenig edles blod dat sind dine kinner god de falsken suestem beide de dehen de kinnerkes leide wohl in des waters grund wo se de fisker fund die mutter sitzt allein wohl in dem kerkerlein o koenig edles blut dies sind deine kinder gut die falschen schwestern beide die taten den kindern leid an wohl in des wassers grund wo sie der fischer fandda erschraken sie alle und der koenig nahm den vogel den fischer und die drei kinder mit sich aufs schloss und liess das gefaengnis aufschliessen und nahm seine frau wieder heraus die war aber ganz krank und elend geworden da gab ihr die tochter von dem wasser aus dem brunnen zu trinken da wurde sie wieder frisch und gesund die beiden falschenschwestern wurden aber verbrannt und die tochter freite den prinzen', 'e707_w_wiedervereinigung_der_familie_bis_zur_bestraffung_der_antagonisten', '0']" , "["
"['707_id63', 'es waren einmal drei maedchen welche bei offenem fenster miteinander plauderten die eine von ihnen sagte zu der anderen wenn ich heirate werde ich drei kinder bekommen das erste wird ein schoener knabe sein das zweite ein schoenes maedchen das einen stern auf der stirn haben wird und das dritte wieder ein schoener knabe der koenigssohn ging gerade vorueber hoerte die unterhaltung der drei schwestern und trat ins haus verzeihung meine fraeulein wenn ich euch stoere aber ich habe soeben worte gehoert die mich in erstaunen versetzten und ich bitte die welche sie gesprochen hat sie vor mir wiederholen zu wollen das junge maedchen wiederholte mit anmut seine worte da bat sie der koenigssohn um ihre hand umsonst hielt sie ihm ihre niedere herkunft und ihre armut vor der prinz wollte nichts davon hoeren und als sie noch den einwurf machte sie moechte ihre schwestern nicht verlassen da entschied er dass sie ihr an den hof folgen sollten er heiratete sie also ', 'e707_e_anfangssituation_erstes_treffen_bis_zur_schwangerschaft', '0']" , "["
"['707_id63', 'eines tages musste der prinz welcher inzwischen koenig geworden war in den krieg ziehen er vertraute seine schwangere frau ihren schwestern zur obhut an und trug denselben auf sowohl sie wie das zu erwartende kind wohl zu versorgen als der tag der entbindung gekommen war fand man anstatt des schoenen knaben den sie erwartete nur einen kleinen hund an ihrer seite man meldete dieses ereignis dem koenig der darueber sehr entruestet war aber er liess seiner gemahlin gegenueber nichts merken als er heimkamer musste ein zweites mal verreisen als die koenigin wieder mit einem kinde ging er empfahl sie wieder seinen schwaegerinnen und bat diese ihn sogleich nach der entbindung zu benachrichtigen diesmal meldete man dem ungluecklichen koenig die geburt einer katze doch bei seiner rueckkehr verzieh er wieder endlich rief ihn der krieg ein drittes mal ausser landes waehrend einer dritten schwangerschaft seiner frau da meldete man ihm die geburt eines andern kleinen hundes und dieses versetzte ihn in so heftigen zorn dass er einen grossen eisenkaefig bauen liess in welchen man die koenigin einsperrte und dem spotte der menge preisgab ', 'e707_g_abwesenheit_des_koenigs_bis_zur_bestrafung_der_koenigin', '0']" , "["
"['707_id63', 'um dieselbe zeit lebten drei junge leute bei einem greise unter diesen dreien war eine jungfrau die einen stern auf der stirn trug als diese jungen leute das alter von fuenfzehn bis zwanzig jahren erreicht hatten rief sie der greis eines tages zu sich und sprach zu ihnen meine lieben kinder ihr nennt mich euren vater aber der bin ich nicht ihr seid jetzt alt genug um alles zu begreifen so erfahrt denn dass ich euch alle drei nacheinander am gleichen ort aufgefunden und da ihr noch ganz klein waret aufgenommen habe ihr muesst einer edlen familie angehoeren die ich trotz meiner eingehenden nachforschungen nicht habe entdecken koennen tretet nun eure reise durch die welt an vielleicht habt ihr mehr glueck als ich ich weiss auch nicht ob dieses junge maedchen eure schwester ist aber ich vermute es und ersuche euch sie als solche zu respektieren die jungen leute verliessen also alle drei das haus und gingen auf abenteuer aus der zufall fuehrte sie in die naehe des palastes in welchem der koenig seine tage damit verbrachte sein verlorenes glueck zu beweinen eines tages begegnete er einem dieser jungen burschen und der anblick desselben verdoppelte seinen kummer ach dachte er das ist ein huebscher bursche welcher fast so alt ist wie der meinige sein muesste und ich habe nichts als einen hund ein andermal traf er das junge maedchen auf der strasse so muesste jetzt sagte er zu sich selber meine tochter aussehen sie muesste auch einen stern auf der stirn haben und ich habe nichts als eine katze schliesslich begegnete er auch dem zweiten knaben so muesste mein drittes kind jetzt aussehen statt des hundes den mir meine gemahlin geschenkt hat die drei jungen leute suchten immerfort freilich vergeblich nach ihren angehoerigen ', 'e707_i_getrenntes_leben_bis_zur_anregung_fuer_die_wunderbare_dinge', '0']" , "["
"['707_id63', 'dieser ungewissheit muede sagte der aelteste eines tages zu seiner schwester liebe schwester da wir unsere eltern nicht ausfindig machen koennen werde ich den vogel der alles sagt um rat fragen aber unseliger was soll aus mir werden wenn du nicht wiederkommst ich bitte dich bleibe bei mir nein ich muss gehen mein bruder bleibt ja bei dir hier nimm diesen rosenkranz und wenn morgen frueh blut daran klebt so bin ich tot ', 'e707_k_setzen_der_vorletzten_herausforderung_aufgabe_des_ziels', '0']" , "["
"['707_id63', 'der junge mann zog in die weite auf der strasse sprach ihn ein voruebergehender an und sagte zu ihm wohin des weges freund gewiss um den vogel der alles sagt aufzusuchen und auf seine bejahende antwort nehmt diese kugel und werft sie vor euch hin wo sie stehenbleibt da muesst auch ihr halt machen ihr werdet da ein steinichtes feld sehen in dessen mitte ein baum ragt darauf sitzt der vogel in seinem bauer geht ohne weiteres auf das bauer zu und huetet euch wohl euch umzuwenden denn sonst seid ihr verloren wie so viele andere der bursch versprach diesem rate zu folgen ', 'e707_m_begegnung_mit_dem_helfer', '0']" , "["
"['707_id63', 'er warf die kugel vor sich hin ging ihr nach und gelangte an die angegebene stelle aber kaum hatte er den fuss auf die steine gesetzt die den baum umgaben als tausend hoehnische stimmen hinter ihm zu rufen begannen schau heute ists ein huebscher junge oh es ist gleich er gehoert ihm nicht olala er glaubt er koenne den vogel der alles sagt loshaken er soll ihn haben er soll ihn nicht haben kurz er konnte dem wunsche zu sehen woher diese stimmen kaemen nicht widerstehen und drehte sich um augenblicklich fiel er in einen stein verwandelt zu boden und vermehrte den haufen derer mit denen der boden bereits uebersaet war am folgenden tage war der rosenkranz des jungen maedchens mit blut bedeckt ', 'e707_o_bei_der_erfuellung_der_vorletzten_herausforderung_aufgabe_des_ziels', '0']" , "["
"['707_id63', 'nun ging der zweite knabe in die welt gleichfalls um den vogel um rat zu fragen und trotz der instaendigen bitten der schwester die fuer ihn dasselbe schicksal fuerchtete welches ihren bruder getroffen hatte und in der tat war er bei seinem unternehmen nicht gluecklicher sondern blieb gleichfalls unter dem baume liegen ', 'e707_o_bei_der_erfuellung_der_vorletzten_herausforderung_aufgabe_des_ziels', '0']" , "["
"['707_id63', 'das junge maedchen stand nun allein in der welt und beschloss seinerseits hinzugehen und sein glueck zu versuchen ', 'e707_q_setzen_der_letzten_herausforderung_aufgabe_des_ziels', '0']" , "["
"['707_id63', 'sie begegnete dem naemlichen fremden den schon ihre brueder getroffen hatten und empfing von ihm die gleichen ratschlaege obendrein teilte er ihr mit dass sie wenn sie wolle ihre brueder und ihren vater retten koenne ', 'e707_s_die_letzte_begegnung_mit_dem_helfer', '0']" , "["
"['707_id63', 'durch dieses versprechen gestaerkt folgte die jungfrau der kugel bis zum ende der reise ein entsetzliches getoese begleitete ihre ankunft oh aber heute ist es ein schoenes maedchen und mit einem stern auf der stirn wenn ich bitten darf guten tag liebchen es ist gleich sie soll den vogel auch nicht haben es gibt schlauere denen es nicht gelungen ist sie soll ihn haben sie soll ihn nicht haben wie sehr sie auch danach geluestete das junge maedchen wandte sich nicht um ohne sich durch das stimmengewirr einschuechtern zu lassen ging sie geradeswegs auf das bauer zu erstieg die wenigen stufen die sie von dem kaefig trennten und streckte ihre hand nach diesem aus da verstummten sogleich alle stimmen nun fing der vogel zu reden an und sprach geh zu dem kleinen gehoelz dort in der naehe dort musst du einen zweig von dem singenden lorbeer pfluecken dann musst du mit dieser flasche etwas wasser aus der quelle im walde schoepfen es ist das tanzende wasser davon musst du einen tropfen auf jeden der steine giessen die zu deinen fuessen liegen das maedchen tat wie ihm geheissen war und goss die wassertropfen auf die steine sogleich erhoben sich eine menge frauen und maenner und ritter mit ihren rossen welche alle gekommen waren um den vogel zu befragen und nicht hatten heimkehren koennen sie fand darunter auch ihre beiden brueder und den koenig der gleichfalls die wahrheit ueber die tiere die anstatt der kinder aus seiner ehe hervorgegangen waren hatte erfahren wollen', 'e707_u_bei_der_erfuehlung_der_letzten_herausforderung_aufgabe_des_ziels', '0']" , "["
"['707_id63', 'der koenig nahm seine erloeserin ebenso wie deren brueder mit an den hof und veranstaltete ihnen zu ehren ein grosses mahl dem auch die beiden schwestern der koenigin welche noch immer in ihrem kaefig eingesperrt war beiwohnten am schlusse des mahles setzte man den lorbeer auf den tisch und dieser begann zum grossen erstaunen der gaeste zu singen dann kam das tanzende wasser und hatte keinen geringeren erfolg zuletzt trug man vor die heldin des festes den vogel den sie loszuhaken verstanden hatte und sie bat ihn alles was er wisse zu erzaehlen dieser redete nun folgendermassen es war einmal ein koenig der dreimal in den krieg ziehen musste jedesmal dabei seine schwangere frau in der obhut seiner schwaegerinnen zuruecklassend aber diese waren auf die koenigin eifersuechtig und legten an stelle der beiden knaben und des maedchens mit dem goldenen stern auf der stirn denen sie das leben gegeben hatte zwei hunde und eine katze an ihre seite und veranlassten auf diese weise dass der koenig in seiner wut seine frau in einen eisenkaefig sperrte die kinder aber wurden von einem manne aufgenommen der sie unterrichten liess und sie als sie erwachsen waren aussandte nach ihren eltern zu suchen koenig deine kinder sind hier im saal ihr jungen leute sehet da euren vater eure mutter aber schmachtet im gefaengnis bei diesen worten fielen die jungen leute dem koenig ihrem vater in die arme und dieser umfing sie weinend er liess sogleich die koenigin in freiheit setzen und bat sie auf den knien um vergebung fuer seine grausamkeit dann liess er die schwestern um ihre treulosigkeit zu bestrafen in den eisenkaefig setzen und diesen stellte er auf einen scheiterhaufen der alsbald die welche soviel leid verursacht hatten verzehrte ', 'e707_w_wiedervereinigung_der_familie_bis_zur_bestraffung_der_antagonisten', '0']" , "["
"['707_id64', 'auf den wunsch seines alten vaters zieht ein koenigssohn mit einem diener aus sich eine braut zu suchen vergebens erinnert jenen sein begleiter doch auf die schoenen fraeulein in der stadt und auf dem lande zu achten der koenigssohn will nichts von ihnen wissen abends kommen beide in einen wald in welchem sie bald eine huette bemerken in dieser kehren sie des schlechten wetters wegen ein der bauer empfaengt sie freundlich und laesst bald von seiner frau das essen anrichten da der tisch fuer fuenf gedeckt wird erkundigt sich der koenigssohn nach dem fuenften tischgenossen den er nirgends sieht dies sollte die tochter des bauern sein wird ihm geantwortet doch will sie aus furcht vor den herren nicht erscheinen indessen in dieser beziehung beruhigt kommt sie und sogleich bezeichnet sie der koenigssohn seinem begleiter als seine kuenftige braut bei tische zerlegt mit erlaubniss des bauern der koenigssohn die huehner und gibt dem vater den kopf der mutter den bauch corpo der tochter die beine und die fluegel waehrend er selbst mit seinem begleiter das fleisch isst am folgenden morgen verlangt dann der koenigssohn die tochter des bauern zur frau erhaelt des letzteren einwilligung und kehrt dann zu seinem vater zurueck von dem er sich einen schoenen wagen geben laesst um seine braut abzuholen', 'e707_e_anfangssituation_erstes_treffen_bis_zur_schwangerschaft', '0']" , "["
"['707_id64', 'die alte koenigin ist jedoch ueber die bauernheirath aufgebracht sie weiss durch eine intrigue einen krieg mit spanien zu entzuenden in den sich dann der koenig mit seinem sohne begeben muss der letztere gibt beim abschiede von seiner frau dieser noch den auftrag im fall der geburt eines kindes in seiner abwesenheit dasselbe mit einem zeichen zu versehenwirklich gebiert flavia zwei kinder denen sie sogleich ein erkennungszeichen aufdrueckt bald nachher kommt die koenigin nimmt die kinder fort und legt an deren stelle hunde bei der rueckkehr des sohnes redet die mutter diesem vor seine frau habe jene hunde zur welt gebracht worauf sie sogleich von dem erzuernten vater getoedtet werden waehrend ihm das schwert entfaellt als er auch seine frau umbringen will diese wird von der koenigin zwei dienern uebergeben um getoedtet zu werden ', 'e707_g_abwesenheit_des_koenigs_bis_zur_bestrafung_der_koenigin', '0']" , "["
"['707_id64', 'doch haben die diener mitleid und bringen flavia ebensowenig um als frueher deren kinder wie die alte koenigin seiner zeit befohlen sie begnuegen sich vielmehr damit dass sie die ihnen uebergebene in den wald bringen dort irrt sie nun umher wird jedoch bald von einem bauer gastlich aufgenommen in dessen hause sie auch ihre kinder die der bauer im walde gefunden entdeckt', 'e707_i_getrenntes_leben_bis_zur_anregung_fuer_die_wunderbare_dinge_oder_aufklaerung', '0']" , "["
"['707_id64', 'nachdem der koenigssohn lange getrauert und zu nichts lust gezeigt gelingt es endlich dem vater ihn zu bereden einmal auf die jagd zu gehen auf dieser ueberrascht ihn die nacht er kommt in jenes bauernhaus und findet so frau und kinder wieder aufgeklaert ueber den gespielten betrug kehrt er in den palast zurueck laesst einen wagen anspannen und bringt frau und kinder wieder heim beschaemt gesteht die koenigin ihr verbrechen das sie mit dem tode buessen muss', 'e707_w_wiedervereinigung_der_familie_bis_zur_bestraffung_der_antagonisten', '0']" , "["
